Column1,Column2,Column3,Column4,Column5,Column6,Column7,Column8,Column10,,,,,,,,,,,,,,,,,,,,
Boom!,Sentiment,0.879009867,Other,0.060558647,Product,0.049795449,"sentiment, other",1,Boom!,Sentiment,0.975140846,Product,0.014145718,Other,0.007600254,Comparison,0.003113182,1,Boom!,Sentiment,0.781803366,Other,0.124064183,Product,0.080194657,Comparison,0.013937794,1
"The picture quality is great, but this review is about basic safety IF you plan to use the base to mount your TV on a cabinet top or a table.",Product,0.990412099,Sentiment,0.006434279,Comparison,0.001671921,product,1,"The <Feature> is <Descriptor>, but this review is about <Descriptor> safety IF you plan to use the base to mount your TV on a cabinet top or a table.",Product,0.959083255,Sentiment,0.031971457,Other,0.005303279,Comparison,0.003642009,,"The <Feature> is <Descriptor>, but this review is about <Descriptor> safety IF you plan to use the base to mount your <Product> on a cabinet top or a table.",Product,0.951508673,Sentiment,0.038454844,Other,0.005958708,Comparison,0.004077774,1
IT IS DANGEROUS and needs to be recalled by Samsung.,Product,0.977633199,Sentiment,0.015279469,Comparison,0.004203868,product,1,IT IS DANGEROUS and needs to be recalled by Samsung.,Product,0.98111514,Sentiment,0.011365527,Other,0.004420122,Comparison,0.00309921,,IT IS DANGEROUS and needs to be recalled by <Company>.,Product,0.678739902,Sentiment,0.266564116,Other,0.039872723,Comparison,0.01482326,1
I am going to mount my (replacement TV) on the wall.,Product,0.682005952,Sentiment,0.275680149,Other,0.029718279,sentiment,1,I am going to mount my (<Descriptor> <Product>) on the wall.,Sentiment,0.662789631,Product,0.276212532,Other,0.047088055,Comparison,0.013909782,,<Consumer> am going to mount my (<Descriptor> <Product>) on the wall.,Product,0.985800845,Sentiment,0.0060056,Other,0.005874979,Comparison,0.002318576,0
"When this TV came in, I set it up on a table temporarily.",Sentiment,0.802795212,Product,0.142772646,Other,0.044597335,sentiment,1,"When this TV came in, I set it up on a table temporarily.",Other,0.512144589,Product,0.246705042,Sentiment,0.224410401,Comparison,0.016739969,,"When this <Product> came in, <Consumer> set it up on a table temporarily.",Other,0.599635443,Product,0.219544865,Sentiment,0.155828843,Comparison,0.024990849,0
"I noticed how small the base mounting screws were, but I assumed the engineering was sufficient not to worry about the screws being strong enough - WRONG!",Product,0.572449734,Sentiment,0.322310224,Other,0.087117466,"sentiment, product",1,"I noticed how small the base mounting <Feature> were, but I assumed the engineering was sufficient not to worry about the screws being <Descriptor> - WRONG!",Product,0.98963681,Sentiment,0.006980517,Other,0.001833077,Comparison,0.001549596,,"<Consumer> noticed how small the <Feature>, but <Consumer> assumed the engineering was sufficient not to worry about the <Feature> being <Descriptor> - WRONG!",Product,0.846083929,Sentiment,0.136801783,Other,0.011105884,Comparison,0.006008403,1
"These screws are only about 3/8"" long by about 1/8"" in diameter.",Sentiment,0.652519847,Product,0.223334282,Other,0.076439363,product,1,"These <Feature> are only about 3/8"" long by about <Product>.",Product,0.942634984,Sentiment,0.032390076,Other,0.015606861,Comparison,0.009368079,,"These <Feature> are only about 3/8"" long by about <Product>.",Product,0.84045791,Sentiment,0.113036158,Other,0.029065834,Comparison,0.017440098,1
"To make a long story short and to make my point to potential buyers who plan to use this TV on the supplied base, my TV fell from the table and almost onto my 2 year old grandson.",Sentiment,0.988584928,Product,0.006487163,Other,0.002794048,sentiment,1,"To make a long story short and to make my point to potential buyers who plan to use this <Product> on the supplied base, my <Product> fell from the <Feature> and almost onto my 2 year old grandson.",Sentiment,0.937823163,Product,0.053005455,Comparison,0.004924455,Other,0.004246927,,"To make a long story short and to make my point to potential buyers who plan to use this <Product> on the supplied base, my <Product> fell from the <Feature> and almost onto my 2 year old grandson.",Sentiment,0.986934528,Product,0.008924216,Comparison,0.002416686,Other,0.00172457,1
"Luckily, my wife was standing by and stopped it from fully falling on him, although she has some bruises, My grandson pointed at letters on the bottom of the screen and touched the screen to show us a letter he knew.",Sentiment,0.930533259,Product,0.042177223,Other,0.022419051,sentiment,1,"Luckily, my wife was standing by and stopped it from fully falling on him, although she has some bruises, My grandson pointed at letters on the bottom of the screen and touched the screen to show us a letter he knew.",Sentiment,0.970767159,Other,0.021586552,Comparison,0.004081478,Product,0.003564811,,"Luckily, my wife was standing by and stopped it from fully falling on him, although she has some <Feature>, My grandson pointed at letters on the bottom of the screen and touched the screen to show us a letter he knew.",Sentiment,0.957633748,Product,0.028110651,Comparison,0.008480063,Other,0.005775539,1
My wife was holding onto the edge of the screen frame to steady the TV as it appeared shaky.,Sentiment,0.716808744,Product,0.262596751,Comparison,0.011997466,sentiment,1,My wife was holding onto the edge of the screen frame to steady the TV as it appeared shaky.,Sentiment,0.965703542,Product,0.024179534,Comparison,0.005721499,Other,0.004395426,,My wife was holding onto the edge of the screen frame to steady the <Product> as it appeared shaky.,Sentiment,0.94359812,Product,0.046140341,Comparison,0.005989688,Other,0.004271851,1
It fell.,Other,0.789040875,Sentiment,0.132159416,Product,0.066501135,"sentiment, other",1,It fell.,Other,0.829720013,Sentiment,0.094915634,Product,0.062680078,Comparison,0.012684276,,It fell.,Sentiment,0.724801568,Other,0.169033049,Product,0.088494045,Comparison,0.017671338,1
"I intend to get the same TV as a replacement (I bought the Square Deal insurance policy, thank goodness!).",Sentiment,0.631813624,Product,0.232565639,Other,0.115288702,"sentiment, other",1,"I intend to get the same TV as a replacement (I bought the Square Deal insurance policy, thank goodness!",Sentiment,0.649550493,Other,0.235293355,Product,0.099188406,Comparison,0.015967746,,"iintend to get the same <Product> as a replacement (<Consumer> bought the Square Deal insurance policy, thank goodness!",Product,0.461369251,Sentiment,0.390295555,Other,0.128250747,Comparison,0.020084446,1
The small screws stripped and came loose very easily.,Sentiment,0.856559544,Product,0.127717454,Other,0.009184135,"sentiment, product",1,The small screws stripped and came loose very easily.,Product,0.826483039,Sentiment,0.135467608,Other,0.027480349,Comparison,0.010569003,,The <Feature> and came loose very easily.,Sentiment,0.616726837,Product,0.347207918,Other,0.021961518,Comparison,0.014103727,1
My TV fell to the floor and the front screen cracked.,Product,0.620605326,Sentiment,0.350959247,Other,0.01673153,sentiment,1,My TV fell to the floor and the front screen cracked.,Sentiment,0.864514623,Other,0.071294673,Product,0.05355131,Comparison,0.010639394,,My TV fell to the floor and the front screen cracked.,Sentiment,0.852056494,Product,0.096764127,Other,0.040002145,Comparison,0.011177235,1
"It scared us, but my grandson was OK - just shaken.",Sentiment,0.943923217,Product,0.044423767,Comparison,0.006855063,sentiment,1,"<Product> scared <Consumer>, but my grandson was OK - just shaken.",Sentiment,0.954169982,Product,0.037043404,Comparison,0.004528013,Other,0.004258601,,"<Product> scared <Consumer>, but my grandson was OK - just shaken.",Sentiment,0.95420177,Product,0.033455202,Other,0.007923018,Comparison,0.004420011,1
I decided to work on getting this base recalled and potential buyers warned.,Product,0.615850369,Sentiment,0.341509528,Other,0.031817101,sentiment,1,I decided to work on getting this base recalled and potential buyers warned.,Product,0.517233272,Other,0.411799866,Sentiment,0.057684912,Comparison,0.013281949,,<Consumer> decided to work on getting this base recalled and potential buyers warned.,Product,0.69066639,Other,0.216799657,Sentiment,0.068053248,Comparison,0.024480705,1
"Now, to be fair to both Amazon and Samsung, I was very impressed by the picture quality.",Product,0.977876983,Sentiment,0.011668346,Comparison,0.007056282,product,1,"Now, to be fair to both Amazon and Samsung, I was very impressed by the picture quality.",Product,0.893290836,Sentiment,0.080675513,Other,0.014935228,Comparison,0.011098423,,"Now, to be fair to both <Company> and <Company>, <Consumer> was very impressed by the <Feature>.",Sentiment,0.922456606,Product,0.065000785,Comparison,0.006652344,Other,0.005890265,0
"This review is not about the quality of the screen or the electronics, it is about safety.",Product,0.50280781,Sentiment,0.381020377,Other,0.098313763,"sentiment, other",1,"This review is not about the quality of the screen or the electronics, it is about safety.",Product,0.943458069,Other,0.028006872,Sentiment,0.02393703,Comparison,0.004598029,,"This review is not about the <Feature> or the electronics, it is about safety.",Product,0.666999377,Sentiment,0.238209055,Other,0.072640351,Comparison,0.022151217,1
Anything is probably better than Samsung.,Product,0.696626639,Comparison,0.280350143,Sentiment,0.014941443,"sentiment, other",0,Anything is probably better than Samsung.,Product,0.960508076,Comparison,0.027749793,Sentiment,0.007723009,Other,0.004019123,,Anything is probably better than <Company>.,Product,0.942636232,Comparison,0.039976989,Sentiment,0.011737437,Other,0.005649341,1
"I will be working with Amazon, Square Deal and Samsung to get these TV's recalled for the weak base design.",Product,0.976897482,Other,0.011895347,Sentiment,0.008519479,product,1,"I will be working with Amazon, Square Deal and Samsung to get these TV's recalled for the weak base design.",Product,0.851045512,Other,0.075669322,Sentiment,0.064320846,Comparison,0.00896432,,"<Consumer> will be working with <Company>, Square Deal and <Company> to get these <Product>'s recalled for the weak base design.",Sentiment,0.884988774,Product,0.099579644,Other,0.010117545,Comparison,0.005314037,0
I am even considering contacting consumer protection agencies - it appears to me to be that important.,Sentiment,0.762965919,Product,0.215500979,Other,0.012698686,sentiment,1,I am even considering contacting consumer protection agencies - it appears to me to be that important.,Sentiment,0.947536853,Product,0.036955497,Other,0.010756475,Comparison,0.004751174,,<Consumer> am even considering contacting consumer protection agencies - it appears to me to be that important.,Product,0.633385149,Sentiment,0.341101536,Other,0.014861146,Comparison,0.010652169,1
PLEASE be aware of this dangerous design if you have small children in the house.,Sentiment,0.986064472,Product,0.008262365,Other,0.003946821,"sentiment, product",1,PLEASE be aware of this dangerous design if you have small children in the house.,Sentiment,0.974395228,Other,0.0144681,Product,0.007376151,Comparison,0.003760521,,PLEASE be aware of this dangerous design if you have small children in the house.,Sentiment,0.987337521,Product,0.005817537,Other,0.004631878,Comparison,0.002213063,1
"Actually, it's dangerous for anyone.",Other,0.58778938,Sentiment,0.364237832,Product,0.03257297,sentiment,1,"Actually, it's dangerous for anyone.",Other,0.640250099,Sentiment,0.314116144,Product,0.027585052,Comparison,0.018048704,,"Actually, it's dangerous for anyone.",Other,0.610663112,Sentiment,0.338172806,Product,0.02927586,Comparison,0.021888221,1
"A 65"" TV is heavy and could hurt anyone.",Product,0.959117578,Sentiment,0.019369961,Comparison,0.016471965,product,1,A <Product> <Product> is <Descriptor> and could hurt anyone.,Product,0.969440241,Sentiment,0.01541073,Other,0.010309544,Comparison,0.004839485,,A <Product> <Product> is <Descriptor> and could hurt anyone.,Product,0.968552548,Sentiment,0.015600073,Other,0.010697989,Comparison,0.005149389,1
"I really like Samsung products, but this design is a big disappointment to me.",Product,0.983445745,Comparison,0.007773833,Sentiment,0.005804293,"sentiment, product",1,"I really like Samsung products, but this <Feature> is a <Descriptor> to me.",Product,0.989695213,Comparison,0.004391497,Sentiment,0.004193062,Other,0.001720228,,"<Consumer> really like <Company> products, but this <Feature> is a <Descriptor> to me.",Product,0.927686174,Sentiment,0.050369659,Other,0.013857984,Comparison,0.008086183,1
"So I did, and set off two weeks of being run in circles by the horrid Samsung customer service.",Sentiment,0.989942396,Product,0.004495869,Comparison,0.003468882,"product, other",0,"So I did, and set off <Feature> of being run in circles by the <Descriptor> <Company> <Product> service.",Sentiment,0.989963263,Other,0.005435671,Product,0.002973958,Comparison,0.001627108,,"So <Consumer> did, and set off <Feature> of being run in circles by the <Descriptor> <Company> <Product> <Customer_Service>.",Product,0.836757071,Sentiment,0.139888429,Other,0.014997573,Comparison,0.008356927,1
"The box has an obvious ""punch hole"" in the side.",Product,0.992032398,Sentiment,0.004256741,Comparison,0.003189872,product,1,"The box has an obvious ""punch hole"" in the side.",Product,0.99094716,Sentiment,0.00368868,Other,0.003133348,Comparison,0.002230812,,"The <Feature> has an obvious ""punch hole"" in the side.",Product,0.987701529,Comparison,0.008092324,Other,0.002251484,Sentiment,0.001954664,1
We take the screen out and sure enough it's cracked and dented.,Other,0.472272826,Product,0.267708719,Sentiment,0.241493568,product,1,We take the screen out and sure enough it's cracked and dented.,Other,0.713281635,Product,0.212335355,Sentiment,0.061528318,Comparison,0.012854691,,We take the screen out and sure enough it's <Descriptor> and <Descriptor>.,Product,0.894343158,Other,0.067391796,Sentiment,0.026874886,Comparison,0.01139016,1
Purchased it on September 27th of this year.,Sentiment,0.922587719,Other,0.064516897,Product,0.007643236,sentiment,1,Purchased it on September 27th of this year.,Sentiment,0.921854034,Other,0.055453304,Product,0.017085186,Comparison,0.005607476,,Purchased it on September 27th of this year.,Sentiment,0.712251615,Other,0.254654955,Product,0.023146825,Comparison,0.009946606,0
"One month later, on October 25th, the screen stopped working.",Sentiment,0.74498893,Other,0.139908793,Product,0.101510697,product,0,"One month later, on October 25th, the screen stopped working.",Sentiment,0.894775484,Other,0.070582338,Product,0.027474927,Comparison,0.007167251,,"One month later, on October 25th, the <Feature> stopped working.",Sentiment,0.78831757,Product,0.160431164,Other,0.038621899,Comparison,0.012629367,1
"The TV would power on and I could hear menu option clicks, but absolutely no screen.",Product,0.933321052,Sentiment,0.050416589,Other,0.010909722,product,1,"The <Product> would power on and <Consumer> could hear menu option clicks, but absolutely no screen.",Product,0.948451516,Sentiment,0.031536727,Other,0.015854745,Comparison,0.004157013,,"The <Product> would power on and <Consumer> could hear menu option clicks, but absolutely no screen.",Product,0.912650811,Sentiment,0.048341106,Other,0.03259996,Comparison,0.006408123,1
"Instead of returning it, since I had thrown away the box, I decided to call Samsung and use the warranty.",Sentiment,0.722155681,Product,0.245170142,Comparison,0.017095571,product,1,"<Consumer>nstead of returning <Product>, since I had thrown away the <Feature>, I decided to call Samsung and use the warranty.",Product,0.558874443,Sentiment,0.339432932,Other,0.077029088,Comparison,0.024663536,,"<Consumer>nstead of returning <Product>, since <Consumer> had thrown away the <Feature>, I decided to call <Company> and use the warranty.",Other,0.621600124,Product,0.210154379,Sentiment,0.1474403,Comparison,0.020805197,0
"It took them 5 days to get a technician to my home (Technical Difficulties was the company, out of Green Bay Wisconsin).",Sentiment,0.897681845,Product,0.087655951,Other,0.009422478,sentiment,1,"It took them 5 days to get a technician to my home (Technical Difficulties was the company, out of Green Bay Wisconsin).",Sentiment,0.90686529,Product,0.080261979,Other,0.00754319,Comparison,0.005329541,,"It took them 5 days to get a technician to my home (<Company> Difficulties was the company, out of Green Bay Wisconsin).",Sentiment,0.879765861,Product,0.10267542,Other,0.011314679,Comparison,0.006244041,1
The tech determined it was a defective screen and they would order another one.,Product,0.771441337,Other,0.144028296,Sentiment,0.070067867,product,1,The tech determined it was a <Descriptor> <Feature> and <Product> would order another one.,Product,0.958029567,Sentiment,0.030733045,Comparison,0.006450604,Other,0.004786784,,The tech determined it was a <Descriptor> <Feature> and <Product> would order another one.,Product,0.963709737,Sentiment,0.023960956,Comparison,0.006393768,Other,0.005935539,1
I am writing this now to help protect people who might not know about these weak stands.,Other,0.903324393,Sentiment,0.075186841,Product,0.015478241,"other, product",1,I am writing this now to help protect people who might not know about these weak stands.,Other,0.767648887,Sentiment,0.145760341,Product,0.074720943,Comparison,0.01186983,,<Consumer> am writing this now to help protect people who might not know about <Descriptor>.,Other,0.546871703,Product,0.284598035,Sentiment,0.148107941,Comparison,0.020422321,1
"I highly recommend buying directly from Amazon because they have always treated me right when I've had a problem with a TV that I bought from them, and Samsung's policy is to not do anything if they can claim the issue happened during shipping.",Sentiment,0.962388614,Product,0.025254974,Other,0.008678068,"other, product",0,"I highly recom<Consu<Consumer>r>nd buying directly from <Company> because they have always treated me right when I've had a problem with a <Product> that I bought from them, and Samsung's policy is to not do anything if they can claim the issue happened during shipping.",Sentiment,0.991757323,Product,0.005575439,Other,0.001394089,Comparison,0.001273148,,"<Consumer> highly recommend buying directly from <Company> because they have always treated me right when <Consumer>'ve had a problem with a <Product> that <Consumer> bought from them, and <Company>'s policy is to not do anything if they can claim the issue happened during shipping.",Sentiment,0.986267778,Product,0.009860075,Other,0.002251217,Comparison,0.00162093,0
SAFETY HAZARD WARNING!,Sentiment,0.903426302,Product,0.050956917,Other,0.035931108,Other,0,SAFETY HAZARD WARNING!,Sentiment,0.546113665,Product,0.282506666,Other,0.146141767,Comparison,0.025237902,,SAFETY HAZARD WARNING!,Sentiment,0.53853161,Product,0.284478529,Other,0.150275364,Comparison,0.026714496,0
I will write follow-up reviews on the TV itself and on Amazon/Samsung/Square Deal responses as well.,Other,0.951321675,Product,0.026437541,Sentiment,0.015609401,other,1,I will write follow-up reviews on the TV itself and on Amazon/Samsung/Square Deal responses as well.,Other,0.885790625,Product,0.062451357,Sentiment,0.04444982,Comparison,0.007308198,,<Consumer> will write follow-up reviews on the <Product> itself and on <Company>/<Company>/Square Deal responses as well.,Other,0.836285924,Product,0.107910431,Sentiment,0.046645003,Comparison,0.009158642,1
"I bought this TV from Best Buy, but I figured I'd write the review here as well.",Sentiment,0.848512674,Other,0.137707823,Product,0.007140208,other,0,"<Consumer> bought this <Product> from Best <Feature>, but I figured I'd write the review here as well.",Sentiment,0.978774855,Other,0.013020064,Product,0.00463772,Comparison,0.003567361,,"<Consumer> bought this <Product> from Best <Feature>, but <Consumer> figured <Consumer>'d write the review here as well.",Sentiment,0.957783233,Other,0.028927886,Product,0.009104681,Comparison,0.004184199,0
That was on a Monday.,Other,0.756957711,Sentiment,0.134143709,Product,0.095286662,other,1,That was on a Monday.,Other,0.597413113,Product,0.241869624,Sentiment,0.140398291,Comparison,0.020318972,,That was on a Monday.,Other,0.59584007,Product,0.240272565,Sentiment,0.142356957,Comparison,0.021530407,0
"The next week, on Tuesday, after not hearing from them I called Difficulties.",Other,0.665645476,Sentiment,0.29007113,Product,0.027849234,other,1,"The next week, on Tuesday, after not hearing from them I called Difficulties.",Other,0.710550109,Sentiment,0.232623913,Product,0.044070072,Comparison,0.012755906,,"The next week, on Tuesday, after not hearing from them <Consumer> called Difficulties.",Other,0.745955113,Sentiment,0.131045142,Product,0.105019468,Comparison,0.017980277,1
"They informed me the order for the screen hadn't been put in until the previous Thursday so it won't arrive until Friday, which will be over two weeks since it broke.",Sentiment,0.986710673,Other,0.006371371,Product,0.005269395,other,0,"They informed me the order for the screen hadn't been put in until the previous Thursday so it won't arrive until Friday, which will be over two weeks since it broke.",Sentiment,0.989818173,Other,0.005057115,Product,0.003382387,Comparison,0.001742325,,"They informed me the order for the screen hadn't been put in until the previous Thursday so <Product> won't arrive until Friday, which will be over two weeks since it broke.",Sentiment,0.983874995,Other,0.008528118,Product,0.005676296,Comparison,0.001920591,0
"Friday comes, the screen arrives, the tech shows up.",Other,0.536469946,Sentiment,0.389936504,Product,0.059611394,other,1,"Friday comes, the screen arrives, the tech shows up.",Other,0.517571737,Sentiment,0.407708762,Product,0.060499553,Comparison,0.014219948,,"Friday comes, the <Feature> arrives, the <Feature>.",Product,0.767093344,Sentiment,0.118023958,Other,0.100462675,Comparison,0.014420023,1
I help him bring the screen up to my apartment.,Sentiment,0.868575714,Product,0.101129279,Other,0.023387693,other,0,I help him bring the screen up to my apartment.,Sentiment,0.857750994,Product,0.102986882,Other,0.030158493,Comparison,0.009103632,,<Consumer> help him bring the screen up to my apartment.,Sentiment,0.793664378,Product,0.146868794,Other,0.046790718,Comparison,0.01267611,1
"Tech tells me they have to order another one, which will take another two weeks.",Sentiment,0.633887546,Other,0.249389708,Product,0.102019866,other,1,"Tech tells me they have to order another one, which will take another two weeks.",Sentiment,0.980501636,Other,0.009318072,Product,0.007204493,Comparison,0.002975799,,"Tech tells <Consumer> they have to order another one, which will take another two weeks.",Sentiment,0.932215357,Product,0.035499632,Other,0.02465522,Comparison,0.007629791,0
"For issues like mine they transfer you to ""executive customer service"" which is exactly the same thing except they're not off shore.",Sentiment,0.593022967,Product,0.35505311,Other,0.040008086,product,1,"For issues like mine they transfer you to ""executive customer service"" which is exactly the same thing except they're not off shore.",Sentiment,0.667170667,Product,0.30321678,Other,0.019216245,Comparison,0.010396308,,"For issues like mine they transfer you to ""executive customer service"" which is exactly the same thing except they're not off shore.",Sentiment,0.71994592,Product,0.212609731,Other,0.054676956,Comparison,0.012767393,1
The tech also told me I should just contact Samsung and see if they can just let me replace the TV at Best Buy.,Product,0.524243057,Sentiment,0.274955487,Other,0.14420891,other,0,The tech also told <Consu<Consumer>r> I should just contact Samsung and see if <Product> can just let me replace the <Product> at Best Buy.,Sentiment,0.725492032,Product,0.22158696,Other,0.039186383,Comparison,0.013734626,,The tech also told <Consumer> <Consumer> should just contact <Company> and see if <Product> can just let me replace the <Product> at <Company>.,Other,0.499690932,Sentiment,0.372285936,Product,0.110791285,Comparison,0.017231847,0
"Working with customer service they provided me a few different options, all of which would take two or more weeks ""maybe"" and then, they told me, I might not even get the same model I bought.",Sentiment,0.990133107,Other,0.004963047,Product,0.002832864,product,0,"Working with customer service they provided me a few different options, all of which would take two or more weeks ""maybe"" and then, they told me, I might not even get the same model I bought.",Sentiment,0.957430089,Other,0.032882124,Product,0.005093189,Comparison,0.004594597,,"Working with customer service they provided me a few different options, all of which would take two or more weeks ""maybe"" and then, they told me, <Consumer> might not even get the same model <Consumer> bought.",Sentiment,0.951576404,Other,0.039169749,Comparison,0.004791307,Product,0.00446254,0
I was told I may get a plasma version... After calling over and over trying to get better service I finally called yesterday and asked for a refund.,Sentiment,0.969247519,Product,0.02228461,Other,0.004586713,product,0,I was told I may get a plasma version... After calling over and over trying to get better service I finally called yesterday and asked for a refund.,Sentiment,0.984852087,Other,0.009101087,Product,0.003838209,Comparison,0.002208617,,<Consumer> was told <Consumer> may get a plasma version... After calling over and over trying to get better service <Consumer> finally called yesterday and asked for a refund.,Sentiment,0.688528408,Other,0.270811813,Comparison,0.020509959,Product,0.02014982,1
"It's off shore of course, so that is what it is.",Product,0.984355858,Other,0.007129509,Sentiment,0.006483719,other,0,"It's off shore of course, so that is what it is.",Product,0.987903267,Sentiment,0.007006655,Other,0.003581761,Comparison,0.001508317,,"It's off shore of course, so that is what it is.",Product,0.986660209,Sentiment,0.007570608,Other,0.004071593,Comparison,0.00169759,1
Moral: you probably won't have issues with your TV.,Sentiment,0.987084873,Product,0.008706228,Other,0.002203212,sentiment,1,Moral: you probably won't have issues with your TV.,Sentiment,0.991092872,Product,0.004416691,Other,0.00307163,Comparison,0.001418807,,Moral: you probably won't have issues with your <Product>.,Sentiment,0.991252067,Product,0.00443684,Other,0.002903736,Comparison,0.001407357,1
But consider the deplorable customer service record of Samsung and think about other warranty options.,Sentiment,0.915178432,Product,0.065101852,Comparison,0.012956024,product,0,But consider the <Feature> service record of <Product> and think about other warranty options.,Sentiment,0.949827711,Product,0.040731073,Other,0.005599354,Comparison,0.003841863,,But consider the <Feature> service record of <Product> and think about other <Descriptor> options.,Sentiment,0.946467692,Product,0.038305614,Other,0.009552609,Comparison,0.005674085,0
The waiting period every time I called was at least 20 minutes.,Sentiment,0.937329942,Other,0.047890099,Product,0.010344169,other,0,The waiting period every time I called was at least 20 minutes.,Other,0.628570204,Sentiment,0.337510147,Product,0.023654263,Comparison,0.010265386,,The waiting period every time <Consumer> called was at least 20 minutes.,Other,0.747439711,Sentiment,0.230129201,Product,0.014333201,Comparison,0.008097887,0
It's going to take almost a month to get my money back.,Product,0.729557201,Sentiment,0.194896653,Other,0.052065425,other,0,It's going to take almost a month to get my money back.,Sentiment,0.463901607,Product,0.398660884,Other,0.116360766,Comparison,0.021076742,,It's going to take almost a month to get my money back.,Sentiment,0.570831614,Product,0.308133266,Other,0.100498357,Comparison,0.020536763,0
One star and they've lost a customer for life.,Sentiment,0.816586697,Product,0.112166957,Other,0.060578441,sentiment,1,One <Descriptor> and they've lost a <Feature>.,Product,0.699416378,Sentiment,0.208878713,Other,0.062381034,Comparison,0.029323876,,One <Descriptor> and they've lost a <Feature>.,Product,0.71069588,Sentiment,0.199445067,Other,0.055970966,Comparison,0.033888087,1
Fantastic picture once you set the specs.,Product,0.985764295,Sentiment,0.007023111,Other,0.005247133,product,1,<Descriptor> <Feature> once you set the specs.,Product,0.988904336,Other,0.005268353,Sentiment,0.004034127,Comparison,0.001793184,,<Descriptor> <Feature> once you set the specs.,Product,0.987566456,Other,0.006159846,Sentiment,0.003267158,Comparison,0.00300654,0
Big but easy to place on stand you will need 2 people to stand it up.,Product,0.830264137,Sentiment,0.100092481,Other,0.059928075,product,1,Big but easy to place on stand you will need 2 people to stand it up.,Product,0.979851743,Sentiment,0.010247277,Other,0.007565657,Comparison,0.002335323,,<Descriptor> but <Descriptor> on stand you will need 2 people to stand it up.,Product,0.848830939,Sentiment,0.090093509,Other,0.052014499,Comparison,0.009061054,1
Excellent customer service we had a delivery issue but they took care of us.,Sentiment,0.813779904,Product,0.151793317,Other,0.026034538,product,0,<Descriptor> <Feature> service we had a delivery issue but they took care of us.,Product,0.950581957,Other,0.027380029,Sentiment,0.015845957,Comparison,0.006192057,,<Descriptor> <Feature> <Customer_Service> we had a delivery issue but they took care of us.,Product,0.377868513,Sentiment,0.320754911,Other,0.272273845,Comparison,0.029102732,1
I don't recommend any since I don't have experience with any but...,Sentiment,0.527955233,Other,0.398298449,Product,0.055782031,other,1,I don't recommend any since I don't have experience with any but...,Sentiment,0.631517899,Other,0.280913674,Product,0.07426194,Comparison,0.013306487,,<Consumer> don't recommend any since <Consumer> don't have experience with any but...,Other,0.651559815,Sentiment,0.257715547,Product,0.075855007,Comparison,0.014869631,0
This is a lot of tv for your dollar.,Sentiment,0.926414329,Product,0.061272427,Other,0.0066332,product,0,<Feature> is a lot of <Product> for your dollar.,Product,0.985379667,Sentiment,0.010369819,Other,0.002263398,Comparison,0.001987116,,<Feature> is a lot of <Product> for your dollar.,Product,0.949550779,Sentiment,0.041325988,Comparison,0.004767226,Other,0.004356007,1
I had plasma but wanted to move up to bigger size.,Sentiment,0.719995495,Product,0.203774078,Comparison,0.057672409,sentiment,1,I had plasma but wanted to move up to bigger size.,Product,0.855370523,Sentiment,0.120526062,Comparison,0.017479479,Other,0.006623936,,<Consumer> had plasma but wanted to move up to <Descriptor>.,Product,0.960960385,Sentiment,0.024223501,Other,0.007503214,Comparison,0.0073129,1
I love Samsung products.,Sentiment,0.971362489,Product,0.016140534,Comparison,0.00821379,sentiment,1,I love Samsung products.,Sentiment,0.987585243,Product,0.005285552,Comparison,0.004529225,Other,0.00259998,,<Consumer> love <Company> products.,Sentiment,0.982996436,Other,0.008844359,Product,0.004793871,Comparison,0.003365334,1
I have never had an issue with any of their products.,Sentiment,0.991933961,Other,0.00344976,Product,0.003260156,sentiment,1,I have never had an issue with any of their products.,Sentiment,0.992428806,Other,0.003321743,Product,0.00300034,Comparison,0.001249111,,<Consumer> have never had an <Feature> with any of their products.,Sentiment,0.982651093,Product,0.012337245,Comparison,0.002880529,Other,0.002131133,0
We purchased in December and just got around to putting it up a few days ago.,Sentiment,0.98212707,Other,0.009270189,Product,0.006040004,sentiment,1,We purchased in December and just got around to putting it up a few days ago.,Sentiment,0.98223868,Other,0.011800909,Comparison,0.003200727,Product,0.002759683,,<Consumer> purchased in December and just got around to putting it up a few days ago.,Sentiment,0.981334649,Other,0.011989536,Product,0.00385313,Comparison,0.002822684,0
I am in Love and his name is JS7000.,Sentiment,0.99044197,Comparison,0.005574804,Other,0.003415266,sentiment,1,I am in Love and his name is JS7000.,Sentiment,0.990268458,Product,0.004337153,Other,0.002729495,Comparison,0.002664893,,<Consumer> am in Love and his name is JS7000.,Sentiment,0.976440459,Product,0.015258381,Comparison,0.005065605,Other,0.003235556,1
First one of these I got had two blue dots that looked like a thumb print.,Sentiment,0.713350586,Product,0.263616988,Comparison,0.013624243,product,1,First one of these I got had two blue dots that looked like a thumb print.,Sentiment,0.980941796,Product,0.010880245,Other,0.005040817,Comparison,0.003137142,,First one of these <Consumer> got had two blue dots that looked like a thumb print.,Product,0.559450251,Sentiment,0.393341592,Comparison,0.024027707,Other,0.02318045,0
I would be happy to purchase items from this seller.,Product,0.660347067,Sentiment,0.23384638,Other,0.082811195,other,0,I would be happy to purchase items from this seller.,Sentiment,0.965218675,Product,0.020849791,Other,0.008867306,Comparison,0.005064228,,<Consumer> would be happy to purchase items from this seller.,Sentiment,0.715147778,Product,0.173449768,Other,0.077116305,Comparison,0.034286149,0
The second one has clouds/lights in the corners so bad it looks like I'm looking thru one of those videos replicating someone drunk.,Sentiment,0.585806572,Product,0.38968749,Other,0.015628643,product,1,The second one has clouds/lights in the corners so bad it looks like I'm looking thru one of those videos replicating someone drunk.,Product,0.964544955,Sentiment,0.025660669,Other,0.0068977,Comparison,0.002896676,,The second one has clouds/lights in the corners so bad it looks like <Consumer>'m looking thru one of those videos replicating someone drunk.,Product,0.95688514,Sentiment,0.030849056,Other,0.008727966,Comparison,0.003537838,0
Exchange for another.,Other,0.932519409,Product,0.040628812,Sentiment,0.020962693,other,1,Exchange for another.,Other,0.936884893,Product,0.040284981,Sentiment,0.016423524,Comparison,0.006406602,,Exchange for another.,Other,0.832383154,Product,0.12906046,Sentiment,0.027743589,Comparison,0.010812796,0
Lights on the corners and blue dots.,Product,0.989760211,Comparison,0.004304316,Other,0.004259264,product,1,Lights on the corners and blue dots.,Product,0.965910093,Other,0.025073926,Comparison,0.005144141,Sentiment,0.00387184,,Lights on the corners and blue dots.,Product,0.968541936,Other,0.018657926,Comparison,0.008535122,Sentiment,0.004265016,0
Samsung must have a bad batch.,Product,0.68956453,Comparison,0.19837158,Other,0.079889925,product,1,Samsung must have a bad batch.,Product,0.725730684,Other,0.187331421,Comparison,0.065655521,Sentiment,0.021282374,,<Company> must have a bad batch.,Other,0.979037414,Product,0.012137073,Sentiment,0.005004022,Comparison,0.003821492,1
This tv has great reviews but starting in November same thing.,Other,0.984773652,Product,0.010242435,Sentiment,0.0028778,other,1,This tv has great reviews but starting in November same thing.,Other,0.946931808,Sentiment,0.044059916,Product,0.004894531,Comparison,0.004113745,,This tv has great reviews but starting in November same thing.,Other,0.988831236,Sentiment,0.006546308,Comparison,0.002634914,Product,0.001987541,1
I bought this tv to replace my Samsung DLP from 2006 because it was such a great TV all I wanted was Samsung.,Sentiment,0.982297101,Product,0.011469257,Comparison,0.003415094,sentiment,1,<Consumer> bought this <Product> to replace my <Company> DLP from 2006 because it was such a <Descriptor> TV all <Consumer> wanted was <Company>.,Sentiment,0.988614521,Product,0.006741028,Comparison,0.002983799,Other,0.001660653,,<Consumer> bought this <Product> to replace my <Company> DLP from 2006 because it was such a <Descriptor> <Product> all <Consumer> wanted was <Company>.,Sentiment,0.952753406,Product,0.035959434,Comparison,0.007279911,Other,0.004007248,0
I will now never buy another Samsung TV.,Sentiment,0.886736732,Other,0.066668379,Product,0.031274113,sentiment,1,I will now never buy another <Company> <Product>.,Sentiment,0.932886117,Other,0.050488445,Product,0.011289229,Comparison,0.005336208,,<Consumer> will now never buy another <Company> <Product>.,Other,0.673605065,Sentiment,0.289076092,Product,0.023733795,Comparison,0.013585048,0
Two TVs bad is just unacceptable.,Product,0.621749572,Comparison,0.179683612,Sentiment,0.172165239,sentiment,0,Two TVs bad is just unacceptable.,Product,0.659649238,Sentiment,0.268605592,Comparison,0.040670352,Other,0.031074818,,Two TVs bad is just unacceptable.,Product,0.71403889,Sentiment,0.190876977,Other,0.050816298,Comparison,0.044267834,0
"I purchased this 55 inch SUHD TV over the many 4k,UHD,SUHD,Curved,OLED,1080p, etc.",Comparison,0.875586321,Product,0.097756375,Other,0.016218936,"product, comparison",1,"<Consumer> purchased this <Feature> <Product> over the many 4k,UHD,SUHD,Curved,OLED,<Feature>, etc.",Product,0.990266645,Comparison,0.004339161,Other,0.003215863,Sentiment,0.002178332,,"<Consumer> purchased this <Feature> <Product> over the many 4k,UHD,SUHD,Curved,OLED,<Feature>, etc.",Product,0.988977541,Comparison,0.005199609,Other,0.004346002,Sentiment,0.001476847,0
Beware.,Other,0.934599605,Sentiment,0.043713012,Product,0.015436171,other,1,Beware.,Other,0.938583938,Sentiment,0.04183605,Product,0.014432644,Comparison,0.005147368,,Beware.,Other,0.942244546,Sentiment,0.0389991,Product,0.0138227,Comparison,0.004933654,1
"I previously had a 50 inch Panasonic Plasma TV that I was very fond of, and was concerned with finding something that would be equivalent (or better?)",Product,0.935083387,Sentiment,0.031773708,Comparison,0.024918207,"comparison, sentiment",0,"<Consumer> previously had a <Feature> <Product> that I was very fond of, and was concerned with finding something that would be equivalent (or better?)",Product,0.479597732,Sentiment,0.452321281,Other,0.036834435,Comparison,0.031246552,,"<Consumer> previously had a <Feature> <Product> that <Consumer> was very fond of, and was concerned with finding something that would be equivalent (or better?)",Product,0.679480371,Sentiment,0.210869792,Other,0.065441286,Comparison,0.044208551,0
"within the original price range of $1,000.00.",Sentiment,0.608142937,Product,0.356766767,Other,0.022790193,product,1,"within the original price range of $1,000.00.",Product,0.956519592,Sentiment,0.028432908,Other,0.00860276,Comparison,0.006444739,,within the <Descriptor> <Price> range of <Price>.,Product,0.989627051,Other,0.004731901,Sentiment,0.003130639,Comparison,0.00251041,1
"I was skeptical of LED(LCD) technology, and on paper, this TV appeared to match what I was looking for, with enhanced picture quality features.",Product,0.986903895,Sentiment,0.007468179,Comparison,0.003487001,product,1,"I was skeptical of LED(LCD) technology, and on paper, this <Product> appeared to match what I was looking for, with <Descriptor> <Feature>.",Product,0.715295722,Sentiment,0.265836864,Other,0.010057193,Comparison,0.008810221,,"<Consumer> was skeptical of LED(LCD) technology, and on paper, this <Product> appeared to match what <Consumer> was looking for, with <Descriptor> <Feature>.",Product,0.809106022,Sentiment,0.174355867,Comparison,0.008683326,Other,0.007854785,0
"I found that this Samsung TV was in a sweet spot with price, picture quality .",Product,0.988859207,Comparison,0.006560225,Sentiment,0.003222559,product,1,"I found that this <Company> <Product> was in a <Descriptor> spot with price, <Feature> .",Product,0.991375664,Sentiment,0.005822148,Comparison,0.001638325,Other,0.001163863,,"<Consumer> found that this <Company> <Product> was in a <Descriptor> spot with <Price>, <Feature> .",Product,0.989417683,Sentiment,0.007152195,Comparison,0.002185149,Other,0.001244973,1
"Regardless, I'm still very happy with this purchase when it comes to quality and price.",Product,0.983232939,Sentiment,0.00998172,Comparison,0.00411077,product,1,"Regardless, I'm still very happy with this purchase when it comes to quality and price.",Product,0.926583489,Sentiment,0.063168372,Other,0.006563171,Comparison,0.003684968,,"Regardless, <Consumer>'m still very happy with this purchase when it comes to quality and <Price>.",Product,0.935947566,Sentiment,0.050659383,Other,0.008128385,Comparison,0.005264666,1
"I wasn't about to blow two or three grand on a TV, but I wanted something nice and this fit the bill.",Sentiment,0.986295164,Product,0.007328881,Comparison,0.003734016,sentiment,1,"I wasn't about to blow two or three grand on a TV, but I wanted something nice and this fit the bill.",Sentiment,0.991070835,Other,0.005240876,Comparison,0.001947407,Product,0.001740883,,"<Consumer> wasn't about to blow two or three grand on a <Product>, but <Consumer> wanted something <Descriptor> and <Feature> the bill.",Sentiment,0.988530353,Product,0.007047482,Other,0.003785041,Comparison,0.000637124,0
Excellent tv and at a great price.,Product,0.947899805,Sentiment,0.042773354,Comparison,0.005419521,product,1,Excellent tv and at a great price.,Sentiment,0.794460038,Product,0.183889568,Other,0.014315758,Comparison,0.007334637,,<Descriptor> and at a <Descriptor> <Price>.,Product,0.94643795,Sentiment,0.039053283,Other,0.010128113,Comparison,0.004380654,1
Screen pops nicely and upscales content well.,Sentiment,0.579530743,Product,0.350368323,Other,0.047101166,product,1,<Feature> <Descriptor> and upscales content well.,Product,0.987286607,Sentiment,0.008438516,Other,0.002497401,Comparison,0.001777476,,<Feature> <Descriptor> and <Descriptor> content well.,Product,0.983878589,Sentiment,0.010950985,Other,0.002715333,Comparison,0.002455093,1
"I am an electronic snob and the for the quality, price, and design this is an excellent value for a SUHD tv.",Product,0.991140378,Sentiment,0.005120111,Comparison,0.002607944,product,1,"I am an electronic snob and the for the quality, price, and <Feature> is an <Descriptor> <Feature> for a SUHD tv.",Product,0.987535374,Sentiment,0.007904399,Comparison,0.002900893,Other,0.001659334,,"<Consumer> am an electronic snob and the for the quality, <Price>, and <Feature> is an <Descriptor> <Feature> for a SUHD tv.",Product,0.990808818,Sentiment,0.005479816,Comparison,0.002354406,Other,0.001356961,0
The nanocrystal technology may be a gimmick but the picture tells a different story.,Sentiment,0.627550043,Product,0.344109929,Comparison,0.01485243,product,1,The nanocrystal technology may be a gimmick but the picture tells a different story.,Sentiment,0.945054354,Product,0.031014453,Other,0.012462639,Comparison,0.011468554,,The nanocrystal technology may be a gimmick but the <Feature> a different story.,Sentiment,0.721525722,Other,0.247856507,Product,0.026440266,Comparison,0.004177505,1
I also need to give a couple major kudos to Amazon.,Other,1,Sentiment,0,Product,0,other,1,I also need to give a couple major kudos to Amazon.,Other,1,Sentiment,0,Product,0,Comparison,0,,options available.,Other,0.840633817,Product,0.104190048,Sentiment,0.045339053,Comparison,0.009837082,0
"First, they double boxed the shipment which is a service that some places charge $30-75 for and others don't even offer.",Other,1,Sentiment,0,Product,0,other,1,"First, they double boxed the shipment which is a service that some places charge $30-75 for and others don't even offer.",Other,1,Sentiment,0,Product,0,Comparison,0,,<Consumer> also need to give a couple major kudos to <Company>.,Other,0.967452954,Sentiment,0.018220466,Product,0.010576902,Comparison,0.003749679,0
"And second, they took care of me when Samsung not only extended the original sale past 6/13, but then included a free soundbar or 24"" TV with every purchase.",Other,0.991708835,Sentiment,0.0054031,Product,0.001676737,other,1,"And second, they took care of me when <Company> not only extended the original sale past 6/13, but then included a free soundbar or 24"" <Product> with every purchase.",Other,0.992732467,Sentiment,0.004097988,Product,0.00204122,Comparison,0.001128325,,"First, they double boxed the shipment which is a service that some places charge <Price> for and others don't even offer.",Other,0.988674419,Product,0.005189281,Sentiment,0.003830998,Comparison,0.002305302,1
"Not a large topic, but just note that the 48"" model (at least at the moment) does not have Enhanced Delivery.",Product,0.772972315,Other,0.147348787,Sentiment,0.05493873,other,1,"Not a large topic, but just note that the 48"" model (at least at the moment) does not have Enhanced Delivery.",Product,0.862035429,Other,0.085765875,Sentiment,0.032345041,Comparison,0.019853654,,"And <Descriptor>, they took care of <Consumer> when <Company> not only extended the original sale past 6/13, but then included a free soundbar or 24"" <Product> with every purchase.",Other,0.992422253,Product,0.003984726,Sentiment,0.002392538,Comparison,0.001200483,1
"That means that it is delivered by UPS (in my case, or some other parcel company) and not by a crew that will set it up for you.",Sentiment,0.956130728,Product,0.02446408,Other,0.01565153,other,0,"That means that it is delivered by UPS (in my case, or some other parcel company) and not by a crew that will set it up for you.",Sentiment,0.622040035,Product,0.357655897,Other,0.013052278,Comparison,0.00725179,,"Not a <Feature>, but just note that the 48"" model (at least at the moment) does not have Enhanced Delivery.",Product,0.891063507,Sentiment,0.05479096,Other,0.033573349,Comparison,0.020572184,1
"It isn't enormously heavy with the panel probably weighing roughly 40 pounds, and I was able to lift it out of the box by myself without too much effort.",Product,0.638406403,Sentiment,0.340208836,Comparison,0.013877944,product,0,"It isn't enormously heavy with the panel probably weighing roughly 40 pounds, and I was able to lift it out of the box by myself without too much effort.",Sentiment,0.803469175,Product,0.180506648,Comparison,0.009385262,Other,0.006638915,,"That means that it is delivered by <Company> (in my case, or some other parcel company) and not by a crew that will set it up for you.",Sentiment,0.595660492,Product,0.381840815,Other,0.014460921,Comparison,0.008037773,0
"So, if you get the 48"" version, you (or you and your friends) are going to have to unpack it, get it on the stand, and set it up.",Sentiment,0.991063712,Other,0.004257338,Product,0.00343822,other,1,"So, if you get the 48"" version, you (or you and your friends) are going to have to unpack it, get it on the stand, and set it up.",Sentiment,0.951784212,Product,0.038621584,Other,0.006301367,Comparison,0.003292837,,"it isn't enormously heavy with the panel probably weighing roughly 40 pounds, and I was able to lift it out of the box by myself without too much effort.",Product,0.884171563,Sentiment,0.101661471,Comparison,0.008432819,Other,0.005734148,1
"If you want it set up for you, consider a larger model if buying from Amazon or local delivery from a store that will bring it to your place and set it up.",Sentiment,0.637960049,Other,0.309479971,Product,0.041868229,other,0,"If you want it set up for you, consider a <Descriptor> <Product> if buying from <Company> or local delivery from a store that will bring it to your place and set it up.",Product,0.786869745,Sentiment,0.163085283,Other,0.033800778,Comparison,0.016244194,,"So, if you get the 48"" version, you (or you and your friends) are going to have to unpack it, get it on the stand, and set it up.",Sentiment,0.94751909,Product,0.04231945,Other,0.006634028,Comparison,0.003527432,0
Two more things about having it just delivered and dropped off.,Sentiment,0.702739835,Other,0.264077044,Product,0.020209411,other,1,Two more things about having it just delivered and dropped off.,Sentiment,0.74438947,Other,0.221939106,Product,0.023509246,Comparison,0.010162179,,"If you want it set up for you, consider a <Descriptor> <Product> if buying from <Company> or local delivery from a store that will bring it to your place and set it up.",Product,0.622735624,Sentiment,0.358199725,Other,0.010099052,Comparison,0.008965599,0
"First, it is shipped in the original box.",Product,0.703864544,Sentiment,0.261809817,Other,0.024036819,other,1,"First, it is shipped in the original box.",Product,0.749798867,Sentiment,0.221663771,Other,0.020032489,Comparison,0.008504873,,Two more things about having <Product> just delivered and dropped off.,Sentiment,0.972040755,Other,0.015002087,Product,0.008654283,Comparison,0.004302875,0
"So, if you have a signature waiver on file with the company delivering it, anyone going by your place will be able to easily see what it is if you aren't home when it is delivered.",Sentiment,0.975893549,Other,0.013808266,Product,0.007547461,other,0,"So, if you have a signature waiver on file with the company delivering it, anyone going by your place will be able to easily see what it is if you aren't home when it is delivered.",Sentiment,0.98672131,Other,0.005815949,Product,0.005766657,Comparison,0.001696084,,"First, it is shipped in the original box.",Product,0.980026232,Sentiment,0.011802179,Other,0.00578974,Comparison,0.002381849,0
"Second, if it is defective, you'll need to schedule to have it picked back up some other day.",Sentiment,0.965230444,Other,0.016539838,Product,0.013806097,other,0,"Second, if it is defective, you'll need to schedule to have it picked back up some other day.",Sentiment,0.987226059,Other,0.007086204,Product,0.003727252,Comparison,0.001960486,,"So, if you have a signature waiver on file with the company delivering it, anyone going by your place will be able to easily see what it is if you aren't home when it is delivered.",Sentiment,0.988340228,Other,0.005342691,Product,0.004770273,Comparison,0.001546808,0
"With Enhanced Delivery, the crew will unpack it, inspect it, set it up, and make sure it works - if there's any problems, they'll pack it back up and take it away right then and there.",Product,0.801947835,Sentiment,0.161569781,Other,0.02710759,other,0,"With Enhanced Delivery, the crew will unpack it, inspect it, set it up, and make sure it works - if there's any problems, they'll pack it back up and take it away right then and there.",Product,0.982594744,Sentiment,0.010540487,Other,0.004698375,Comparison,0.002166395,,"Second, if it is defective, you'll need to schedule to have it picked back up some other day.",Sentiment,0.985814336,Other,0.006476064,Product,0.005867504,Comparison,0.001842096,0
"If UPS delivers it, they'll be long gone before you get it out of the box.",Product,0.631044459,Sentiment,0.326329647,Other,0.032187889,other,0,"If UPS delivers it, they'll be long gone before you get it out of the box.",Product,0.650327054,Sentiment,0.262474437,Other,0.071961007,Comparison,0.015237503,,"With Enhanced Delivery, the crew will unpack it, inspect it, set it up, and make sure it works - if there's any problems, they'll pack it back up and take it away right then and there.",Product,0.770523222,Sentiment,0.201265724,Other,0.019326363,Comparison,0.00888469,0
Broken TVs happen (two of my past five delivered from Amazon have been).,Other,0.855681878,Sentiment,0.102159516,Product,0.034060895,other,0,Broken TVs happen (two of my past five delivered from Amazon have been).,Other,0.793034968,Sentiment,0.184832156,Product,0.012897159,Comparison,0.009235718,,"If UPS delivers it, they'll be long gone before you get it out of the box.",Product,0.614902131,Sentiment,0.287818429,Other,0.077656564,Comparison,0.019622876,0
"Overall, the hardware is designed more for a dark room than it is for rooms with windows, lamps, and other sources of ambient lighting.",Product,0.99197757,Comparison,0.004055581,Sentiment,0.002036521,product,1,"Overall, the hardware is designed more for a dark room than it is for rooms with windows, lamps, and other sources of ambient lighting.",Product,0.992484463,Sentiment,0.00434218,Comparison,0.001839897,Other,0.001333459,,Broken TVs happen (two of my past five delivered from <Company> have been).,Sentiment,0.985945194,Other,0.007364832,Product,0.003501323,Comparison,0.003188651,0
"It does have some very nice aspects, though, such as being thin and having a nice layout for the connections on the back.",Product,0.976403309,Other,0.012791042,Comparison,0.005594391,product,1,"It does have some very nice aspects, though, such as being thin and having a nice layout for the connections on the back.",Product,0.977459529,Other,0.012579772,Comparison,0.005170727,Sentiment,0.004789972,,"Overall, the <Feature> is designed more for a dark room than it is for rooms with windows, lamps, and other sources of ambient lighting.",Product,0.992086342,Sentiment,0.004584093,Comparison,0.002122932,Other,0.001206633,1
"I think that the shiny bezel is distracting, and I wish that the power/navigation button on the back was more conveniently located.",Product,0.706130755,Sentiment,0.272011751,Comparison,0.014142494,product,1,"I think that the shiny bezel is distracting, and I wish that the <Feature> on the back was more <Descriptor>.",Product,0.947006455,Sentiment,0.03549573,Comparison,0.013019695,Other,0.004478121,,"It does have some very nice aspects, though, such as being thin and having a nice layout for the connections on the back.",Product,0.974700504,Other,0.01493285,Comparison,0.006159573,Sentiment,0.004207073,1
"I contacted Samsung about the issues to see how they'd handle it, sent them photos of the misshapen parts, and I was very clear that it was from Vine and that I didn't expect a new TV.",Sentiment,0.661115427,Product,0.308979505,Comparison,0.015286554,product,1,"I contacted Samsung about the issues to see how they'd handle it, sent them photos of the misshapen parts, and I was very clear that it was from Vine and that I didn't expect a <Descriptor> <Product>.",Sentiment,0.927061431,Product,0.062427904,Comparison,0.005650797,Other,0.004859869,,"<Consumer> think that the shiny bezel is distracting, and <Consumer> wish that the <Feature> on the back was more <Descriptor>.",Product,0.949028824,Sentiment,0.028293581,Comparison,0.018483878,Other,0.004193717,0
"The response was pretty much a canned response that seemed typical of if the customer mentions X anywhere, push this button.",Product,0.939585599,Sentiment,0.042382636,Other,0.013481133,product,1,"The <Feature> was <Descriptor> response that seemed typical of if the customer mentions X anywhere, push this button.",Product,0.990353853,Sentiment,0.005330113,Other,0.002440474,Comparison,0.00187556,,"<Consumer> contacted <Company> about the issues to see how they'd handle it, sent them photos of the misshapen parts, and <Consumer> was very clear that it was from Vine and that <Consumer> didn't expect a <Descriptor> <Product>.",Product,0.939688717,Sentiment,0.050557921,Other,0.005635843,Comparison,0.004117519,1
I firmly believe that you'd get the same response because it had absolutely nothing to do Vine.,Sentiment,0.810401159,Other,0.163564925,Product,0.013776949,product,1,I firmly believe that you'd get the same response because it had absolutely nothing to do Vine.,Sentiment,0.506616222,Other,0.406290411,Product,0.063360954,Comparison,0.023732413,,"The <Feature> was <Descriptor> response that seemed typical of if the <Feature> X anywhere, push this button.",Product,0.988888287,Other,0.004802555,Sentiment,0.004539493,Comparison,0.001769665,1
"Here's what you need to know - their warranty doesn't cover concealed damage that might have occurred in shipping, which is what they call it if the TV is defective but the box looks fine.",Product,0.992633238,Sentiment,0.00389316,Comparison,0.001897846,product,0,"Here's what you need to know - their warranty doesn't cover concealed damage that might have occurred in shipping, which is what they call it if the TV is defective but the <Feature> looks <Descriptor>.",Product,0.994687202,Other,0.002261476,Comparison,0.001934245,Sentiment,0.001117077,,<Consumer> firmly believe that you'd get the same response because it had absolutely nothing to do Vine.,Sentiment,0.682260766,Other,0.283633694,Comparison,0.017578787,Product,0.016526753,1
"Amazon will make it right without question, so to me, it comes down to how much hassle it is to physically get it returned.",Other,0.990710901,Sentiment,0.004258965,Product,0.003773949,other,1,"Amazon will make it right without question, so to me, it comes down to how much hassle it is to physically get it returned.",Other,0.967546881,Product,0.020090455,Sentiment,0.009574463,Comparison,0.0027882,,"Here's what you need to know - their warranty doesn't cover concealed damage that might have occurred in shipping, which is what they call it if the <Product> is defective but the <Feature> looks <Descriptor>.",Product,0.994475493,Other,0.002335049,Comparison,0.002007167,Sentiment,0.001182291,0
They recommend working it out with the store or shipping company.,Sentiment,0.981732703,Product,0.009376407,Other,0.006315667,other,1,They recommend working it out with the store or shipping company.,Sentiment,0.983818701,Product,0.011263348,Other,0.002888141,Comparison,0.00202981,,"<Company> will make it right without question, so to <Consumer>, it comes down to how much hassle it is to physically get it returned.",Other,0.98558086,Sentiment,0.006712606,Product,0.005654581,Comparison,0.002051954,0
"Reasonable on the face of it, perhaps, but I doubt UPS is going to compensate someone for a defective TV when the shipping box looks fine.",Sentiment,0.946187934,Product,0.039709739,Other,0.009165751,other,0,"Reasonable on the face of it, perhaps, but I doubt UPS is going to compensate someone for a <Descriptor> <Product> when the shipping box looks fine.",Product,0.723315221,Sentiment,0.257566191,Other,0.010319244,Comparison,0.008799344,,<Product> recommend working it out with the store or shipping company.,Sentiment,0.970124746,Product,0.022327952,Other,0.004431226,Comparison,0.003116076,1
That sounds like a nightmare trying to prove they did anything wrong.,Sentiment,0.981116048,Other,0.009000133,Product,0.007399135,other,0,That sounds like a nightmare trying to prove they did anything wrong.,Sentiment,0.981085703,Other,0.01309129,Product,0.003095611,Comparison,0.002727397,,"<Feature> of it, perhaps, but <Consumer> doubt UPS is going to compensate someone for a <Descriptor> <Product> when the shipping box looks <Descriptor>.",Product,0.962779652,Sentiment,0.025855474,Other,0.006697718,Comparison,0.004667155,0
"If I had purchased this from Amazon, I would simply ship it back and maybe ask for a replacement.",Other,0.868580307,Product,0.099400288,Sentiment,0.023937369,other,0,"If I had purchased this from Amazon, I would simply ship it back and maybe ask for a replacement.",Other,0.934397675,Product,0.036695895,Sentiment,0.02369729,Comparison,0.00520914,,That <Feature> like a nightmare trying to prove they did anything wrong.,Sentiment,0.983834606,Other,0.008657699,Product,0.005027656,Comparison,0.002480039,1
"No fuss, no muss.",Other,0.923577973,Product,0.046425174,Sentiment,0.023439696,other,1,Amazon is awesome in customer service.,Other,0.75770583,Product,0.218714436,Sentiment,0.015091222,Comparison,0.008488511,," <Consumer> had purchased this from <Company>, <Consumer> would simply ship it back and maybe ask for a replacement.",Sentiment,0.55680302,Other,0.213398362,Product,0.21239835,Comparison,0.017400268,0
Amazon is awesome in customer service.,Other,0.790389389,Product,0.189923333,Comparison,0.010526442,other,1,"If you're buying this from a third party, this is just something more to think about because they might also claim that it happened in shipping and isn't their responsibility.",Sentiment,0.780829992,Product,0.196598301,Comparison,0.012059959,Other,0.010511747,,"No fuss, no muss.",Other,0.908063909,Product,0.067823816,Sentiment,0.017396895,Comparison,0.00671538,0
"If you're buying this from a third party, this is just something more to think about because they might also claim that it happened in shipping and isn't their responsibility.",Sentiment,0.742077716,Product,0.232729232,Other,0.016070311,other,1,"So, please consider that if you decide to buy.",Other,0.94573717,Product,0.029587085,Sentiment,0.019625686,Comparison,0.005050058,,<Company> is <Descriptor> in <Customer_Service>.,Product,0.968510657,Sentiment,0.014572081,Comparison,0.009944991,Other,0.006972271,0
"So, please consider that if you decide to buy.",Other,0.951283333,Product,0.023310368,Sentiment,0.020357421,other,0,"Also consider this - Samsung was actually the store that provided this TV, but they still don't consider it something they need to deal with.",Sentiment,0.767170076,Other,0.148422091,Product,0.060084399,Comparison,0.024323434,,"If you're buying this from a <Descriptor> party, this is just something more to think about because they might also claim that it happened in shipping and isn't their responsibility.",Sentiment,0.6125797,Product,0.349800279,Other,0.019160654,Comparison,0.018459366,1
"Also consider this - Samsung was actually the store that provided this TV, but they still don't consider it something they need to deal with.",Product,0.728739442,Sentiment,0.171509608,Other,0.063484547,product,1,"I followed up on that original response, made it clear that I understood the warranty limitations, and I got essentially the same response back again.",Sentiment,0.944570766,Other,0.043024016,Product,0.008566457,Comparison,0.00383876,,"So, please consider that if you decide to buy.",Other,0.941996294,Sentiment,0.040009328,Product,0.010149835,Comparison,0.007844544,0
"I followed up on that original response, made it clear that I understood the warranty limitations, and I got essentially the same response back again.",Sentiment,0.828987442,Other,0.103552568,Product,0.057728864,product,1,Push this button.,Other,0.837428855,Sentiment,0.089322159,Product,0.061051155,Comparison,0.012197831,,"Also consider this - <Company> was actually the store that provided this <Product>, but they still don't consider it something they need to deal with.",Sentiment,0.70761393,Other,0.156707299,Product,0.121106651,Comparison,0.01457212,1
Push this button.,Other,0.721600762,Product,0.148683257,Sentiment,0.112105242,other,0,Plenty of connectivity.,Product,0.982837353,Sentiment,0.008648104,Other,0.005864542,Comparison,0.002650001,,"<Consumer> followed up on that original response, made it clear that <Consumer> understood the <Feature>, and <Consumer> got essentially the same response back again.",Sentiment,0.921960604,Other,0.060563463,Product,0.012271787,Comparison,0.005204147,0
Plenty of connectivity.,Product,0.941927649,Sentiment,0.037520549,Other,0.014460377,product,1,"Most connections are not on the TV itself, they are located on the mini connect box.",Product,0.993164647,Sentiment,0.003477055,Other,0.002248607,Comparison,0.001109691,,Push this button.,Sentiment,0.389820331,Other,0.317672256,Product,0.25887737,Comparison,0.033630043,0
"Most connections are not on the TV itself, they are located on the mini connect box.",Product,0.970614928,Sentiment,0.020610562,Other,0.004983845,product,1,"Very convenient, but I wish there was at least one HDMI on the TV itself.",Sentiment,0.891605123,Product,0.094632763,Other,0.008040843,Comparison,0.005721272,,Plenty of connectivity.,Product,0.982856568,Sentiment,0.008605245,Other,0.005897262,Comparison,0.002640925,0
"Very convenient, but I wish there was at least one HDMI on the TV itself.",Product,0.633052569,Sentiment,0.344858205,Comparison,0.012893841,product,1,,,,,,,,,,,"Most connections are not on the <Product> itself, they are located on the mini connect box.",Product,0.992583001,Other,0.00423801,Sentiment,0.002007287,Comparison,0.001171702,0
,,,,,,,,1,,,,,,,,,,,"Very convenient, but <Consumer> wish there was at least one HDMI on the <Product> itself.",Sentiment,0.973059952,Product,0.020194997,Other,0.003542277,Comparison,0.003202774,0
,,,,,,,,91,,,,,,,,,,,,,,,,,,,,66